customer_id,name,email,age,country,registration_date
1,Customer_1,customer1@example.com,58,USA,2025-10-09 11:49:09.857979
2,Customer_2,customer2@example.com,65,Canada,2025-02-26 11:49:09.857979
3,Customer_3,customer3@example.com,32,UK,2025-07-22 11:49:09.857979
4,Customer_4,customer4@example.com,61,Australia,2024-04-24 11:49:09.857979
5,Customer_5,customer5@example.com,23,France,2024-08-28 11:49:09.857979
6,Customer_6,customer6@example.com,20,USA,2025-07-31 11:49:09.857979
7,Customer_7,customer7@example.com,31,UK,2024-06-04 11:49:09.857979
8,Customer_8,customer8@example.com,56,USA,2024-04-08 11:49:09.857979
9,Customer_9,customer9@example.com,30,Australia,2024-01-08 11:49:09.857979
10,Customer_10,customer10@example.com,62,France,2024-08-31 11:49:09.857979
11,Customer_11,customer11@example.com,32,Germany,2024-03-10 11:49:09.857979
12,Customer_12,customer12@example.com,35,USA,2025-05-24 11:49:09.857979
13,Customer_13,customer13@example.com,62,Germany,2024-11-20 11:49:09.857979
14,Customer_14,customer14@example.com,35,UK,2025-03-28 11:49:09.857979
15,Customer_15,customer15@example.com,79,Canada,2025-07-22 11:49:09.857979
16,Customer_16,customer16@example.com,23,Germany,2025-07-27 11:49:09.857979
17,Customer_17,customer17@example.com,40,Canada,2024-02-24 11:49:09.857979
18,Customer_18,customer18@example.com,34,USA,2024-07-21 11:49:09.857979
19,Customer_19,customer19@example.com,52,USA,2024-10-12 11:49:09.857979
20,Customer_20,customer20@example.com,23,France,2025-01-07 11:49:09.857979
21,Customer_21,customer21@example.com,71,Australia,2024-02-09 11:49:09.857979
22,Customer_22,customer22@example.com,74,Canada,2024-03-22 11:49:09.857979
23,Customer_23,customer23@example.com,30,Australia,2025-08-24 11:49:09.857979
24,Customer_24,customer24@example.com,20,Australia,2025-03-15 11:49:09.857979
25,Customer_25,customer25@example.com,67,Canada,2025-08-14 11:49:09.857979
26,Customer_26,customer26@example.com,72,UK,2025-07-23 11:49:09.857979
27,Customer_27,customer27@example.com,42,Canada,2024-07-27 11:49:09.857979
28,Customer_28,customer28@example.com,58,Canada,2025-05-21 11:49:09.857979
29,Customer_29,customer29@example.com,41,Canada,2025-04-03 11:49:09.857979
30,Customer_30,customer30@example.com,60,Canada,2023-11-16 11:49:09.857979
31,Customer_31,customer31@example.com,77,Australia,2024-01-10 11:49:09.857979
32,Customer_32,customer32@example.com,22,France,2024-01-23 11:49:09.857979
33,Customer_33,customer33@example.com,28,France,2025-02-26 11:49:09.857979
34,Customer_34,customer34@example.com,28,Germany,2024-10-11 11:49:09.857979
35,Customer_35,customer35@example.com,35,Australia,2023-11-30 11:49:09.857979
36,Customer_36,customer36@example.com,53,UK,2023-12-03 11:49:09.857979
37,Customer_37,customer37@example.com,38,USA,2025-03-14 11:49:09.857979
38,Customer_38,customer38@example.com,70,USA,2024-12-15 11:49:09.857979
39,Customer_39,customer39@example.com,43,Canada,2025-08-28 11:49:09.857979
40,Customer_40,customer40@example.com,31,France,2024-12-16 11:49:09.857979
41,Customer_41,customer41@example.com,31,Australia,2024-06-10 11:49:09.857979
42,Customer_42,customer42@example.com,43,Australia,2024-07-22 11:49:09.857979
43,Customer_43,customer43@example.com,27,Canada,2025-06-14 11:49:09.857979
44,Customer_44,customer44@example.com,33,Australia,2024-04-08 11:49:09.857979
45,Customer_45,customer45@example.com,52,Canada,2024-03-15 11:49:09.857979
46,Customer_46,customer46@example.com,45,France,2024-09-21 11:49:09.857979
47,Customer_47,customer47@example.com,41,UK,2025-06-15 11:49:09.857979
48,Customer_48,customer48@example.com,50,Germany,2025-08-02 11:49:09.857979
49,Customer_49,customer49@example.com,66,USA,2025-07-14 11:49:09.857979
50,Customer_50,customer50@example.com,27,Australia,2025-05-24 11:49:09.857979
51,Customer_51,customer51@example.com,68,Australia,2024-08-28 11:49:09.857979
52,Customer_52,customer52@example.com,56,USA,2024-10-05 11:49:09.857979
53,Customer_53,customer53@example.com,42,France,2024-07-12 11:49:09.857979
54,Customer_54,customer54@example.com,51,Canada,2024-04-16 11:49:09.857979
55,Customer_55,customer55@example.com,73,USA,2023-12-08 11:49:09.857979
56,Customer_56,customer56@example.com,64,USA,2023-12-06 11:49:09.857979
57,Customer_57,customer57@example.com,74,France,2025-02-03 11:49:09.857979
58,Customer_58,customer58@example.com,67,Australia,2024-11-20 11:49:09.857979
59,Customer_59,customer59@example.com,25,Canada,2024-08-15 11:49:09.857979
60,Customer_60,customer60@example.com,28,Germany,2025-10-31 11:49:09.857979
61,Customer_61,customer61@example.com,79,Australia,2025-02-07 11:49:09.857979
62,Customer_62,customer62@example.com,80,France,2025-05-05 11:49:09.857979
63,Customer_63,customer63@example.com,50,USA,2024-02-02 11:49:09.857979
64,Customer_64,customer64@example.com,37,Australia,2024-06-02 11:49:09.857979
65,Customer_65,customer65@example.com,56,UK,2025-05-31 11:49:09.857979
66,Customer_66,customer66@example.com,41,UK,2024-04-30 11:49:09.857979
67,Customer_67,customer67@example.com,79,France,2025-11-03 11:49:09.857979
68,Customer_68,customer68@example.com,56,Canada,2024-06-21 11:49:09.857979
69,Customer_69,customer69@example.com,19,USA,2024-10-28 11:49:09.857979
70,Customer_70,customer70@example.com,74,Canada,2025-03-03 11:49:09.857979
71,Customer_71,customer71@example.com,21,UK,2024-04-02 11:49:09.857979
72,Customer_72,customer72@example.com,78,USA,2025-08-08 11:49:09.857979
73,Customer_73,customer73@example.com,64,Germany,2025-08-25 11:49:09.857979
74,Customer_74,customer74@example.com,80,France,2025-06-28 11:49:09.857979
75,Customer_75,customer75@example.com,26,Australia,2024-07-05 11:49:09.857979
76,Customer_76,customer76@example.com,78,France,2025-05-18 11:49:09.857979
77,Customer_77,customer77@example.com,34,France,2024-02-21 11:49:09.857979
78,Customer_78,customer78@example.com,45,UK,2024-04-30 11:49:09.857979
79,Customer_79,customer79@example.com,66,Australia,2023-11-28 11:49:09.857979
80,Customer_80,customer80@example.com,30,Australia,2024-12-19 11:49:09.857979
81,Customer_81,customer81@example.com,43,Australia,2024-01-08 11:49:09.857979
82,Customer_82,customer82@example.com,41,Germany,2024-05-23 11:49:09.857979
83,Customer_83,customer83@example.com,46,USA,2025-02-23 11:49:09.857979
84,Customer_84,customer84@example.com,32,USA,2024-11-22 11:49:09.857979
85,Customer_85,customer85@example.com,19,France,2024-04-15 11:49:09.857979
86,Customer_86,customer86@example.com,32,France,2025-03-23 11:49:09.857979
87,Customer_87,customer87@example.com,18,USA,2023-11-10 11:49:09.857979
88,Customer_88,customer88@example.com,58,USA,2025-03-14 11:49:09.857979
89,Customer_89,customer89@example.com,22,USA,2024-11-30 11:49:09.857979
90,Customer_90,customer90@example.com,22,France,2025-03-05 11:49:09.857979
91,Customer_91,customer91@example.com,35,Australia,2024-06-24 11:49:09.857979
92,Customer_92,customer92@example.com,31,France,2025-06-21 11:49:09.857979
93,Customer_93,customer93@example.com,64,France,2024-03-23 11:49:09.857979
94,Customer_94,customer94@example.com,48,UK,2024-07-07 11:49:09.857979
95,Customer_95,customer95@example.com,69,Germany,2025-04-23 11:49:09.857979
96,Customer_96,customer96@example.com,24,USA,2023-12-30 11:49:09.857979
97,Customer_97,customer97@example.com,45,Canada,2024-08-27 11:49:09.857979
98,Customer_98,customer98@example.com,44,Germany,2025-09-09 11:49:09.857979
99,Customer_99,customer99@example.com,61,Australia,2024-01-12 11:49:09.857979
100,Customer_100,customer100@example.com,24,USA,2024-09-17 11:49:09.857979
101,Customer_101,customer101@example.com,64,Canada,2025-07-15 11:49:09.857979
102,Customer_102,customer102@example.com,33,UK,2025-04-23 11:49:09.857979
103,Customer_103,customer103@example.com,52,Germany,2025-06-13 11:49:09.857979
104,Customer_104,customer104@example.com,45,UK,2025-01-22 11:49:09.857979
105,Customer_105,customer105@example.com,47,UK,2025-08-18 11:49:09.857979
106,Customer_106,customer106@example.com,46,France,2025-07-26 11:49:09.857979
107,Customer_107,customer107@example.com,21,Australia,2024-04-29 11:49:09.857979
108,Customer_108,customer108@example.com,71,USA,2025-07-31 11:49:09.857979
109,Customer_109,customer109@example.com,77,UK,2025-05-17 11:49:09.857979
110,Customer_110,customer110@example.com,44,Germany,2024-06-29 11:49:09.857979
111,Customer_111,customer111@example.com,31,Germany,2025-09-04 11:49:09.857979
112,Customer_112,customer112@example.com,28,Germany,2025-11-01 11:49:09.857979
113,Customer_113,customer113@example.com,42,Canada,2024-07-26 11:49:09.857979
114,Customer_114,customer114@example.com,36,Germany,2023-11-21 11:49:09.857979
115,Customer_115,customer115@example.com,79,Australia,2024-04-13 11:49:09.857979
116,Customer_116,customer116@example.com,60,Australia,2024-06-23 11:49:09.857979
117,Customer_117,customer117@example.com,27,UK,2025-01-04 11:49:09.857979
118,Customer_118,customer118@example.com,31,USA,2024-03-20 11:49:09.857979
119,Customer_119,customer119@example.com,65,France,2025-09-02 11:49:09.857979
120,Customer_120,customer120@example.com,65,Canada,2025-09-06 11:49:09.857979
121,Customer_121,customer121@example.com,21,France,2024-07-03 11:49:09.857979
122,Customer_122,customer122@example.com,50,France,2025-05-26 11:49:09.857979
123,Customer_123,customer123@example.com,21,France,2025-08-13 11:49:09.857979
124,Customer_124,customer124@example.com,72,UK,2025-08-25 11:49:09.857979
125,Customer_125,customer125@example.com,56,USA,2023-12-13 11:49:09.857979
126,Customer_126,customer126@example.com,73,UK,2024-09-16 11:49:09.857979
127,Customer_127,customer127@example.com,25,France,2025-02-24 11:49:09.857979
128,Customer_128,customer128@example.com,55,France,2025-09-24 11:49:09.857979
129,Customer_129,customer129@example.com,57,USA,2024-08-31 11:49:09.857979
130,Customer_130,customer130@example.com,60,France,2024-04-04 11:49:09.857979
131,Customer_131,customer131@example.com,51,Canada,2025-02-09 11:49:09.857979
132,Customer_132,customer132@example.com,31,Australia,2024-12-17 11:49:09.857979
133,Customer_133,customer133@example.com,33,Canada,2024-09-24 11:49:09.857979
134,Customer_134,customer134@example.com,26,Australia,2024-01-13 11:49:09.857979
135,Customer_135,customer135@example.com,37,Germany,2024-12-15 11:49:09.857979
136,Customer_136,customer136@example.com,77,USA,2025-10-25 11:49:09.857979
137,Customer_137,customer137@example.com,47,France,2024-04-06 11:49:09.857979
138,Customer_138,customer138@example.com,24,USA,2024-05-02 11:49:09.857979
139,Customer_139,customer139@example.com,31,France,2025-02-05 11:49:09.857979
140,Customer_140,customer140@example.com,26,Canada,2025-08-25 11:49:09.857979
141,Customer_141,customer141@example.com,74,UK,2024-10-21 11:49:09.857979
142,Customer_142,customer142@example.com,36,UK,2024-08-12 11:49:09.857979
143,Customer_143,customer143@example.com,71,France,2023-11-14 11:49:09.857979
144,Customer_144,customer144@example.com,37,France,2024-01-04 11:49:09.857979
145,Customer_145,customer145@example.com,51,USA,2023-12-21 11:49:09.857979
146,Customer_146,customer146@example.com,70,France,2025-01-01 11:49:09.857979
147,Customer_147,customer147@example.com,77,Australia,2025-07-20 11:49:09.857979
148,Customer_148,customer148@example.com,78,UK,2025-02-06 11:49:09.857979
149,Customer_149,customer149@example.com,25,USA,2024-04-16 11:49:09.857979
150,Customer_150,customer150@example.com,27,Canada,2025-01-19 11:49:09.857979
151,Customer_151,customer151@example.com,56,UK,2024-11-17 11:49:09.857979
152,Customer_152,customer152@example.com,31,Australia,2024-01-24 11:49:09.857979
153,Customer_153,customer153@example.com,72,Canada,2024-06-04 11:49:09.857979
154,Customer_154,customer154@example.com,49,Canada,2025-09-12 11:49:09.857979
155,Customer_155,customer155@example.com,23,Australia,2024-08-27 11:49:09.857979
156,Customer_156,customer156@example.com,71,Canada,2025-09-19 11:49:09.857979
157,Customer_157,customer157@example.com,18,Canada,2025-06-23 11:49:09.857979
158,Customer_158,customer158@example.com,58,Canada,2025-05-22 11:49:09.857979
159,Customer_159,customer159@example.com,65,Germany,2024-04-18 11:49:09.857979
160,Customer_160,customer160@example.com,63,Germany,2024-04-08 11:49:09.857979
161,Customer_161,customer161@example.com,18,USA,2025-08-18 11:49:09.857979
162,Customer_162,customer162@example.com,78,Australia,2025-06-04 11:49:09.859041
163,Customer_163,customer163@example.com,52,USA,2024-10-21 11:49:09.859041
164,Customer_164,customer164@example.com,55,France,2025-06-05 11:49:09.859041
165,Customer_165,customer165@example.com,45,UK,2025-09-22 11:49:09.859041
166,Customer_166,customer166@example.com,37,Canada,2025-09-24 11:49:09.859041
167,Customer_167,customer167@example.com,75,Canada,2025-04-02 11:49:09.859041
168,Customer_168,customer168@example.com,61,UK,2023-12-22 11:49:09.859041
169,Customer_169,customer169@example.com,24,Canada,2024-04-09 11:49:09.859041
170,Customer_170,customer170@example.com,74,Germany,2024-02-07 11:49:09.859041
171,Customer_171,customer171@example.com,65,UK,2025-03-06 11:49:09.859041
172,Customer_172,customer172@example.com,73,UK,2025-05-06 11:49:09.859041
173,Customer_173,customer173@example.com,74,Germany,2025-10-09 11:49:09.859041
174,Customer_174,customer174@example.com,29,Australia,2024-11-28 11:49:09.859041
175,Customer_175,customer175@example.com,68,Germany,2023-12-19 11:49:09.859041
176,Customer_176,customer176@example.com,73,Australia,2025-02-22 11:49:09.859041
177,Customer_177,customer177@example.com,35,UK,2023-11-16 11:49:09.859041
178,Customer_178,customer178@example.com,24,Germany,2025-09-25 11:49:09.859041
179,Customer_179,customer179@example.com,72,Germany,2025-03-21 11:49:09.859041
180,Customer_180,customer180@example.com,30,Germany,2024-11-10 11:49:09.859041
181,Customer_181,customer181@example.com,37,UK,2025-03-20 11:49:09.859041
182,Customer_182,customer182@example.com,19,Australia,2025-04-20 11:49:09.859041
183,Customer_183,customer183@example.com,43,Canada,2025-01-22 11:49:09.859041
184,Customer_184,customer184@example.com,73,USA,2025-01-22 11:49:09.859041
185,Customer_185,customer185@example.com,40,Australia,2024-05-31 11:49:09.859041
186,Customer_186,customer186@example.com,43,Australia,2024-05-03 11:49:09.859041
187,Customer_187,customer187@example.com,39,USA,2025-07-08 11:49:09.859041
188,Customer_188,customer188@example.com,74,Canada,2025-05-05 11:49:09.859041
189,Customer_189,customer189@example.com,55,Canada,2025-09-25 11:49:09.859041
190,Customer_190,customer190@example.com,24,France,2024-08-16 11:49:09.859041
191,Customer_191,customer191@example.com,40,Australia,2024-12-17 11:49:09.859041
192,Customer_192,customer192@example.com,45,France,2024-05-29 11:49:09.859041
193,Customer_193,customer193@example.com,25,Germany,2024-03-23 11:49:09.859041
194,Customer_194,customer194@example.com,30,Canada,2025-09-19 11:49:09.859041
195,Customer_195,customer195@example.com,63,Germany,2025-11-02 11:49:09.859041
196,Customer_196,customer196@example.com,51,France,2023-12-01 11:49:09.859041
197,Customer_197,customer197@example.com,64,Australia,2023-12-18 11:49:09.859041
198,Customer_198,customer198@example.com,30,Canada,2024-08-19 11:49:09.859041
199,Customer_199,customer199@example.com,22,Australia,2024-11-30 11:49:09.859041
200,Customer_200,customer200@example.com,57,Canada,2023-12-25 11:49:09.859041
201,Customer_201,customer201@example.com,72,USA,2024-12-31 11:49:09.859041
202,Customer_202,customer202@example.com,50,Canada,2023-12-22 11:49:09.859041
203,Customer_203,customer203@example.com,44,Canada,2024-09-17 11:49:09.859041
204,Customer_204,customer204@example.com,62,Canada,2024-04-15 11:49:09.859041
205,Customer_205,customer205@example.com,26,UK,2024-08-30 11:49:09.859041
206,Customer_206,customer206@example.com,60,Germany,2023-12-11 11:49:09.859041
207,Customer_207,customer207@example.com,65,UK,2024-02-12 11:49:09.859041
208,Customer_208,customer208@example.com,54,Canada,2024-09-14 11:49:09.859041
209,Customer_209,customer209@example.com,53,USA,2024-12-27 11:49:09.859041
210,Customer_210,customer210@example.com,36,UK,2024-08-20 11:49:09.859041
211,Customer_211,customer211@example.com,68,France,2024-02-21 11:49:09.859041
212,Customer_212,customer212@example.com,59,Canada,2024-07-15 11:49:09.859041
213,Customer_213,customer213@example.com,46,Germany,2023-12-13 11:49:09.859041
214,Customer_214,customer214@example.com,31,France,2024-07-07 11:49:09.859041
215,Customer_215,customer215@example.com,68,Australia,2025-05-14 11:49:09.859041
216,Customer_216,customer216@example.com,60,USA,2025-01-17 11:49:09.859041
217,Customer_217,customer217@example.com,50,Australia,2024-01-25 11:49:09.859041
218,Customer_218,customer218@example.com,57,Canada,2025-07-31 11:49:09.859041
219,Customer_219,customer219@example.com,70,UK,2023-12-16 11:49:09.859041
220,Customer_220,customer220@example.com,37,UK,2025-04-14 11:49:09.859041
221,Customer_221,customer221@example.com,27,USA,2025-09-17 11:49:09.859041
222,Customer_222,customer222@example.com,33,Germany,2024-02-17 11:49:09.859041
223,Customer_223,customer223@example.com,72,USA,2024-07-25 11:49:09.859041
224,Customer_224,customer224@example.com,44,Australia,2024-03-24 11:49:09.859041
225,Customer_225,customer225@example.com,30,Australia,2023-11-21 11:49:09.859041
226,Customer_226,customer226@example.com,42,Germany,2024-09-20 11:49:09.859041
227,Customer_227,customer227@example.com,33,UK,2024-01-02 11:49:09.859041
228,Customer_228,customer228@example.com,62,USA,2025-07-17 11:49:09.859041
229,Customer_229,customer229@example.com,67,Germany,2025-03-24 11:49:09.859041
230,Customer_230,customer230@example.com,29,Australia,2024-05-22 11:49:09.859041
231,Customer_231,customer231@example.com,47,USA,2024-04-12 11:49:09.859041
232,Customer_232,customer232@example.com,33,USA,2024-07-24 11:49:09.859041
233,Customer_233,customer233@example.com,26,Germany,2023-12-21 11:49:09.859041
234,Customer_234,customer234@example.com,51,France,2024-03-04 11:49:09.859041
235,Customer_235,customer235@example.com,38,Germany,2024-02-15 11:49:09.859041
236,Customer_236,customer236@example.com,70,Australia,2024-06-05 11:49:09.859041
237,Customer_237,customer237@example.com,45,France,2024-08-04 11:49:09.859041
238,Customer_238,customer238@example.com,75,UK,2024-07-05 11:49:09.859041
239,Customer_239,customer239@example.com,46,Canada,2025-02-23 11:49:09.859041
240,Customer_240,customer240@example.com,71,Australia,2025-01-24 11:49:09.859041
241,Customer_241,customer241@example.com,67,France,2024-06-25 11:49:09.859041
242,Customer_242,customer242@example.com,58,UK,2025-01-26 11:49:09.859041
243,Customer_243,customer243@example.com,46,USA,2025-01-15 11:49:09.859041
244,Customer_244,customer244@example.com,33,Canada,2024-11-25 11:49:09.859041
245,Customer_245,customer245@example.com,38,France,2025-08-13 11:49:09.859041
246,Customer_246,customer246@example.com,26,UK,2025-03-12 11:49:09.859041
247,Customer_247,customer247@example.com,42,Australia,2025-05-31 11:49:09.859041
248,Customer_248,customer248@example.com,63,UK,2025-08-30 11:49:09.859041
249,Customer_249,customer249@example.com,44,Germany,2024-11-30 11:49:09.859041
250,Customer_250,customer250@example.com,52,Germany,2024-09-04 11:49:09.859041
251,Customer_251,customer251@example.com,21,UK,2024-08-30 11:49:09.859041
252,Customer_252,customer252@example.com,42,France,2023-11-22 11:49:09.859041
253,Customer_253,customer253@example.com,19,France,2024-10-10 11:49:09.859041
254,Customer_254,customer254@example.com,48,USA,2024-11-08 11:49:09.859041
255,Customer_255,customer255@example.com,37,Germany,2024-08-31 11:49:09.859041
256,Customer_256,customer256@example.com,52,Australia,2024-04-23 11:49:09.859041
257,Customer_257,customer257@example.com,69,France,2025-03-23 11:49:09.859041
258,Customer_258,customer258@example.com,49,UK,2025-01-28 11:49:09.859041
259,Customer_259,customer259@example.com,45,Germany,2025-10-05 11:49:09.859041
260,Customer_260,customer260@example.com,42,Canada,2023-12-20 11:49:09.859041
261,Customer_261,customer261@example.com,61,Germany,2025-05-18 11:49:09.859041
262,Customer_262,customer262@example.com,71,Germany,2025-06-26 11:49:09.859041
263,Customer_263,customer263@example.com,80,France,2024-05-06 11:49:09.859041
264,Customer_264,customer264@example.com,19,Germany,2024-03-07 11:49:09.859041
265,Customer_265,customer265@example.com,54,Australia,2025-10-07 11:49:09.859041
266,Customer_266,customer266@example.com,23,Australia,2024-08-22 11:49:09.859041
267,Customer_267,customer267@example.com,26,Germany,2025-05-01 11:49:09.859041
268,Customer_268,customer268@example.com,21,Canada,2024-10-11 11:49:09.859041
269,Customer_269,customer269@example.com,38,UK,2024-07-26 11:49:09.859041
270,Customer_270,customer270@example.com,38,Canada,2024-10-11 11:49:09.859041
271,Customer_271,customer271@example.com,35,Germany,2025-02-18 11:49:09.859041
272,Customer_272,customer272@example.com,71,USA,2024-07-10 11:49:09.859041
273,Customer_273,customer273@example.com,19,Australia,2024-04-30 11:49:09.859041
274,Customer_274,customer274@example.com,21,Canada,2025-03-19 11:49:09.859041
275,Customer_275,customer275@example.com,59,USA,2024-01-06 11:49:09.859041
276,Customer_276,customer276@example.com,20,USA,2025-02-23 11:49:09.859041
277,Customer_277,customer277@example.com,30,USA,2024-02-06 11:49:09.859041
278,Customer_278,customer278@example.com,27,UK,2025-06-27 11:49:09.859041
279,Customer_279,customer279@example.com,48,Australia,2025-07-09 11:49:09.859041
280,Customer_280,customer280@example.com,54,UK,2024-07-15 11:49:09.859041
281,Customer_281,customer281@example.com,62,Canada,2024-10-22 11:49:09.859041
282,Customer_282,customer282@example.com,28,France,2024-02-21 11:49:09.859956
283,Customer_283,customer283@example.com,79,Australia,2025-07-09 11:49:09.859956
284,Customer_284,customer284@example.com,67,UK,2024-12-20 11:49:09.859956
285,Customer_285,customer285@example.com,24,France,2025-10-08 11:49:09.859956
286,Customer_286,customer286@example.com,77,Canada,2024-03-24 11:49:09.859956
287,Customer_287,customer287@example.com,61,Germany,2024-09-23 11:49:09.859956
288,Customer_288,customer288@example.com,78,Australia,2025-04-14 11:49:09.859956
289,Customer_289,customer289@example.com,22,France,2023-11-27 11:49:09.859956
290,Customer_290,customer290@example.com,71,Australia,2025-02-28 11:49:09.859956
291,Customer_291,customer291@example.com,24,Australia,2024-12-30 11:49:09.859956
292,Customer_292,customer292@example.com,72,Australia,2024-02-28 11:49:09.859956
293,Customer_293,customer293@example.com,69,USA,2024-04-03 11:49:09.859956
294,Customer_294,customer294@example.com,68,USA,2024-11-13 11:49:09.859956
295,Customer_295,customer295@example.com,52,Germany,2023-12-27 11:49:09.859956
296,Customer_296,customer296@example.com,41,USA,2024-06-03 11:49:09.859956
297,Customer_297,customer297@example.com,59,Canada,2025-10-22 11:49:09.859956
298,Customer_298,customer298@example.com,72,Germany,2024-06-20 11:49:09.859956
299,Customer_299,customer299@example.com,24,Germany,2024-10-29 11:49:09.859956
300,Customer_300,customer300@example.com,58,Germany,2023-11-10 11:49:09.859956
301,Customer_301,customer301@example.com,27,Germany,2025-05-07 11:49:09.859956
302,Customer_302,customer302@example.com,64,France,2024-01-07 11:49:09.859956
303,Customer_303,customer303@example.com,35,France,2024-05-01 11:49:09.859956
304,Customer_304,customer304@example.com,67,Germany,2024-07-15 11:49:09.859956
305,Customer_305,customer305@example.com,45,Australia,2024-03-07 11:49:09.859956
306,Customer_306,customer306@example.com,35,Canada,2025-02-25 11:49:09.859956
307,Customer_307,customer307@example.com,71,USA,2025-01-22 11:49:09.859956
308,Customer_308,customer308@example.com,74,Germany,2025-02-27 11:49:09.859956
309,Customer_309,customer309@example.com,66,Germany,2024-03-30 11:49:09.859956
310,Customer_310,customer310@example.com,57,Australia,2024-10-11 11:49:09.859956
311,Customer_311,customer311@example.com,39,USA,2024-06-15 11:49:09.859956
312,Customer_312,customer312@example.com,72,Canada,2025-05-01 11:49:09.859956
313,Customer_313,customer313@example.com,49,UK,2024-11-05 11:49:09.859956
314,Customer_314,customer314@example.com,69,Canada,2024-11-20 11:49:09.859956
315,Customer_315,customer315@example.com,35,France,2023-11-16 11:49:09.859956
316,Customer_316,customer316@example.com,74,Canada,2024-04-13 11:49:09.859956
317,Customer_317,customer317@example.com,18,France,2025-04-22 11:49:09.859956
318,Customer_318,customer318@example.com,23,UK,2024-09-13 11:49:09.859956
319,Customer_319,customer319@example.com,49,France,2025-03-02 11:49:09.859956
320,Customer_320,customer320@example.com,62,Germany,2024-01-12 11:49:09.859956
321,Customer_321,customer321@example.com,63,Germany,2024-08-02 11:49:09.859956
322,Customer_322,customer322@example.com,68,USA,2025-07-31 11:49:09.859956
323,Customer_323,customer323@example.com,36,UK,2024-09-15 11:49:09.859956
324,Customer_324,customer324@example.com,62,UK,2024-12-25 11:49:09.859956
325,Customer_325,customer325@example.com,60,France,2024-10-22 11:49:09.859956
326,Customer_326,customer326@example.com,48,France,2024-05-09 11:49:09.859956
327,Customer_327,customer327@example.com,40,Germany,2024-04-19 11:49:09.859956
328,Customer_328,customer328@example.com,39,Canada,2023-11-15 11:49:09.859956
329,Customer_329,customer329@example.com,47,Canada,2024-12-25 11:49:09.859956
330,Customer_330,customer330@example.com,34,UK,2025-07-03 11:49:09.859956
331,Customer_331,customer331@example.com,64,UK,2024-12-15 11:49:09.859956
332,Customer_332,customer332@example.com,25,Australia,2024-05-04 11:49:09.859956
333,Customer_333,customer333@example.com,78,Australia,2025-04-28 11:49:09.859956
334,Customer_334,customer334@example.com,30,UK,2024-06-26 11:49:09.859956
335,Customer_335,customer335@example.com,35,Australia,2024-03-10 11:49:09.859956
336,Customer_336,customer336@example.com,80,France,2024-03-02 11:49:09.859956
337,Customer_337,customer337@example.com,36,USA,2025-04-19 11:49:09.859956
338,Customer_338,customer338@example.com,36,UK,2024-10-30 11:49:09.859956
339,Customer_339,customer339@example.com,29,Canada,2025-10-20 11:49:09.859956
340,Customer_340,customer340@example.com,63,France,2025-06-27 11:49:09.859956
341,Customer_341,customer341@example.com,35,USA,2025-09-09 11:49:09.859956
342,Customer_342,customer342@example.com,53,Canada,2023-11-20 11:49:09.859956
343,Customer_343,customer343@example.com,78,UK,2024-01-20 11:49:09.859956
344,Customer_344,customer344@example.com,73,Germany,2025-07-21 11:49:09.859956
345,Customer_345,customer345@example.com,73,USA,2024-03-26 11:49:09.859956
346,Customer_346,customer346@example.com,36,Germany,2024-07-01 11:49:09.859956
347,Customer_347,customer347@example.com,46,Canada,2025-04-29 11:49:09.859956
348,Customer_348,customer348@example.com,79,USA,2025-02-18 11:49:09.859956
349,Customer_349,customer349@example.com,78,Germany,2025-07-10 11:49:09.859956
350,Customer_350,customer350@example.com,70,USA,2024-09-19 11:49:09.859956
351,Customer_351,customer351@example.com,49,USA,2024-03-23 11:49:09.859956
352,Customer_352,customer352@example.com,58,Australia,2025-09-10 11:49:09.859956
353,Customer_353,customer353@example.com,27,UK,2024-04-06 11:49:09.859956
354,Customer_354,customer354@example.com,78,Canada,2025-08-08 11:49:09.859956
355,Customer_355,customer355@example.com,33,USA,2024-04-11 11:49:09.859956
356,Customer_356,customer356@example.com,66,Germany,2024-02-22 11:49:09.859956
357,Customer_357,customer357@example.com,56,France,2025-03-17 11:49:09.859956
358,Customer_358,customer358@example.com,67,France,2024-10-10 11:49:09.859956
359,Customer_359,customer359@example.com,46,Germany,2025-01-03 11:49:09.859956
360,Customer_360,customer360@example.com,73,France,2024-08-21 11:49:09.859956
361,Customer_361,customer361@example.com,37,France,2024-02-07 11:49:09.859956
362,Customer_362,customer362@example.com,21,France,2025-07-25 11:49:09.859956
363,Customer_363,customer363@example.com,78,UK,2024-02-02 11:49:09.859956
364,Customer_364,customer364@example.com,31,Canada,2023-12-28 11:49:09.859956
365,Customer_365,customer365@example.com,23,UK,2025-03-03 11:49:09.859956
366,Customer_366,customer366@example.com,29,France,2025-08-19 11:49:09.859956
367,Customer_367,customer367@example.com,28,USA,2024-09-11 11:49:09.859956
368,Customer_368,customer368@example.com,46,Australia,2024-03-05 11:49:09.859956
369,Customer_369,customer369@example.com,48,Canada,2025-10-01 11:49:09.859956
370,Customer_370,customer370@example.com,32,Canada,2023-11-11 11:49:09.859956
371,Customer_371,customer371@example.com,36,Australia,2024-07-27 11:49:09.859956
372,Customer_372,customer372@example.com,22,Australia,2025-03-09 11:49:09.859956
373,Customer_373,customer373@example.com,77,Canada,2024-02-02 11:49:09.859956
374,Customer_374,customer374@example.com,55,Australia,2025-04-15 11:49:09.859956
375,Customer_375,customer375@example.com,45,USA,2024-04-25 11:49:09.859956
376,Customer_376,customer376@example.com,32,Australia,2025-06-04 11:49:09.859956
377,Customer_377,customer377@example.com,76,Canada,2025-06-11 11:49:09.859956
378,Customer_378,customer378@example.com,22,USA,2025-05-18 11:49:09.859956
379,Customer_379,customer379@example.com,68,Canada,2024-03-04 11:49:09.859956
380,Customer_380,customer380@example.com,65,France,2025-01-12 11:49:09.859956
381,Customer_381,customer381@example.com,46,USA,2024-07-12 11:49:09.859956
382,Customer_382,customer382@example.com,62,Canada,2023-11-18 11:49:09.859956
383,Customer_383,customer383@example.com,43,Canada,2024-06-09 11:49:09.859956
384,Customer_384,customer384@example.com,52,Germany,2024-08-12 11:49:09.859956
385,Customer_385,customer385@example.com,23,France,2025-09-24 11:49:09.859956
386,Customer_386,customer386@example.com,74,Germany,2024-12-08 11:49:09.859956
387,Customer_387,customer387@example.com,56,Canada,2025-10-08 11:49:09.859956
388,Customer_388,customer388@example.com,23,UK,2023-12-14 11:49:09.859956
389,Customer_389,customer389@example.com,71,France,2024-03-12 11:49:09.859956
390,Customer_390,customer390@example.com,78,USA,2023-12-16 11:49:09.859956
391,Customer_391,customer391@example.com,70,Canada,2024-03-23 11:49:09.859956
392,Customer_392,customer392@example.com,20,UK,2024-07-10 11:49:09.859956
393,Customer_393,customer393@example.com,51,Australia,2024-08-08 11:49:09.859956
394,Customer_394,customer394@example.com,76,Canada,2025-05-02 11:49:09.859956
395,Customer_395,customer395@example.com,55,Germany,2024-01-23 11:49:09.859956
396,Customer_396,customer396@example.com,70,Germany,2025-08-02 11:49:09.859956
397,Customer_397,customer397@example.com,48,Canada,2024-09-11 11:49:09.859956
398,Customer_398,customer398@example.com,39,Canada,2023-12-18 11:49:09.859956
399,Customer_399,customer399@example.com,24,UK,2024-12-01 11:49:09.859956
400,Customer_400,customer400@example.com,44,Australia,2024-06-14 11:49:09.859956
401,Customer_401,customer401@example.com,36,Australia,2024-09-19 11:49:09.859956
402,Customer_402,customer402@example.com,70,France,2025-09-27 11:49:09.859956
403,Customer_403,customer403@example.com,47,USA,2024-12-16 11:49:09.859956
404,Customer_404,customer404@example.com,34,Canada,2025-07-08 11:49:09.859956
405,Customer_405,customer405@example.com,80,Germany,2024-05-26 11:49:09.859956
406,Customer_406,customer406@example.com,70,USA,2023-12-31 11:49:09.859956
407,Customer_407,customer407@example.com,73,France,2024-07-18 11:49:09.859956
408,Customer_408,customer408@example.com,44,USA,2025-04-25 11:49:09.859956
409,Customer_409,customer409@example.com,51,Canada,2024-02-05 11:49:09.859956
410,Customer_410,customer410@example.com,66,Germany,2024-02-02 11:49:09.859956
411,Customer_411,customer411@example.com,46,USA,2025-04-09 11:49:09.859956
412,Customer_412,customer412@example.com,35,France,2025-06-22 11:49:09.859956
413,Customer_413,customer413@example.com,77,Canada,2024-08-12 11:49:09.859956
414,Customer_414,customer414@example.com,74,Australia,2024-06-25 11:49:09.859956
415,Customer_415,customer415@example.com,25,USA,2024-01-28 11:49:09.860952
416,Customer_416,customer416@example.com,56,UK,2023-11-08 11:49:09.860952
417,Customer_417,customer417@example.com,28,Canada,2024-04-18 11:49:09.860952
418,Customer_418,customer418@example.com,18,France,2024-09-12 11:49:09.860952
419,Customer_419,customer419@example.com,23,UK,2025-07-10 11:49:09.860952
420,Customer_420,customer420@example.com,47,USA,2024-01-10 11:49:09.860952
421,Customer_421,customer421@example.com,71,UK,2024-06-11 11:49:09.860952
422,Customer_422,customer422@example.com,77,Australia,2025-01-09 11:49:09.860952
423,Customer_423,customer423@example.com,50,Australia,2025-01-28 11:49:09.860952
424,Customer_424,customer424@example.com,44,Germany,2024-07-08 11:49:09.860952
425,Customer_425,customer425@example.com,33,Germany,2024-04-18 11:49:09.860952
426,Customer_426,customer426@example.com,27,Germany,2025-04-22 11:49:09.860952
427,Customer_427,customer427@example.com,76,France,2024-06-01 11:49:09.860952
428,Customer_428,customer428@example.com,65,UK,2025-08-24 11:49:09.860952
429,Customer_429,customer429@example.com,35,Germany,2024-11-20 11:49:09.860952
430,Customer_430,customer430@example.com,77,France,2025-02-03 11:49:09.860952
431,Customer_431,customer431@example.com,70,USA,2025-01-18 11:49:09.860952
432,Customer_432,customer432@example.com,64,Canada,2024-03-12 11:49:09.860952
433,Customer_433,customer433@example.com,55,Australia,2024-06-20 11:49:09.860952
434,Customer_434,customer434@example.com,73,UK,2024-08-03 11:49:09.860952
435,Customer_435,customer435@example.com,52,Germany,2024-11-15 11:49:09.860952
436,Customer_436,customer436@example.com,39,France,2024-04-26 11:49:09.860952
437,Customer_437,customer437@example.com,42,Germany,2024-12-09 11:49:09.860952
438,Customer_438,customer438@example.com,73,UK,2023-11-20 11:49:09.860952
439,Customer_439,customer439@example.com,33,France,2024-10-07 11:49:09.860952
440,Customer_440,customer440@example.com,32,Germany,2025-09-20 11:49:09.860952
441,Customer_441,customer441@example.com,38,Australia,2024-07-07 11:49:09.860952
442,Customer_442,customer442@example.com,63,Germany,2024-10-04 11:49:09.860952
443,Customer_443,customer443@example.com,60,Australia,2025-06-01 11:49:09.860952
444,Customer_444,customer444@example.com,49,USA,2025-06-27 11:49:09.860952
445,Customer_445,customer445@example.com,50,France,2024-11-29 11:49:09.860952
446,Customer_446,customer446@example.com,73,USA,2024-08-10 11:49:09.860952
447,Customer_447,customer447@example.com,24,France,2024-07-24 11:49:09.860952
448,Customer_448,customer448@example.com,18,Australia,2025-06-09 11:49:09.860952
449,Customer_449,customer449@example.com,44,Australia,2025-05-29 11:49:09.860952
450,Customer_450,customer450@example.com,22,Germany,2025-02-05 11:49:09.860952
451,Customer_451,customer451@example.com,39,France,2023-11-25 11:49:09.860952
452,Customer_452,customer452@example.com,43,Australia,2025-08-13 11:49:09.860952
453,Customer_453,customer453@example.com,72,Canada,2023-12-14 11:49:09.860952
454,Customer_454,customer454@example.com,72,France,2024-10-10 11:49:09.860952
455,Customer_455,customer455@example.com,79,Canada,2024-02-01 11:49:09.860952
456,Customer_456,customer456@example.com,63,Germany,2024-04-28 11:49:09.860952
457,Customer_457,customer457@example.com,20,France,2025-08-25 11:49:09.860952
458,Customer_458,customer458@example.com,33,Australia,2023-12-04 11:49:09.860952
459,Customer_459,customer459@example.com,76,Canada,2025-03-16 11:49:09.860952
460,Customer_460,customer460@example.com,65,USA,2024-08-16 11:49:09.860952
461,Customer_461,customer461@example.com,80,USA,2024-01-25 11:49:09.860952
462,Customer_462,customer462@example.com,63,USA,2024-08-06 11:49:09.860952
463,Customer_463,customer463@example.com,28,Australia,2025-01-01 11:49:09.860952
464,Customer_464,customer464@example.com,75,USA,2025-09-17 11:49:09.860952
465,Customer_465,customer465@example.com,38,USA,2025-01-07 11:49:09.860952
466,Customer_466,customer466@example.com,40,Canada,2024-08-19 11:49:09.860952
467,Customer_467,customer467@example.com,27,UK,2024-05-09 11:49:09.860952
468,Customer_468,customer468@example.com,44,France,2023-12-06 11:49:09.860952
469,Customer_469,customer469@example.com,68,UK,2025-05-13 11:49:09.860952
470,Customer_470,customer470@example.com,29,USA,2024-02-18 11:49:09.860952
471,Customer_471,customer471@example.com,73,Germany,2024-02-08 11:49:09.860952
472,Customer_472,customer472@example.com,61,UK,2024-06-12 11:49:09.860952
473,Customer_473,customer473@example.com,76,France,2025-06-10 11:49:09.860952
474,Customer_474,customer474@example.com,32,Germany,2024-01-20 11:49:09.860952
475,Customer_475,customer475@example.com,34,Germany,2025-02-15 11:49:09.860952
476,Customer_476,customer476@example.com,60,USA,2024-07-15 11:49:09.860952
477,Customer_477,customer477@example.com,75,Canada,2023-12-11 11:49:09.860952
478,Customer_478,customer478@example.com,52,UK,2025-08-20 11:49:09.860952
479,Customer_479,customer479@example.com,46,Canada,2024-03-12 11:49:09.860952
480,Customer_480,customer480@example.com,37,Australia,2024-08-26 11:49:09.860952
481,Customer_481,customer481@example.com,62,Canada,2024-07-24 11:49:09.860952
482,Customer_482,customer482@example.com,72,Canada,2025-04-14 11:49:09.860952
483,Customer_483,customer483@example.com,42,Germany,2025-07-17 11:49:09.860952
484,Customer_484,customer484@example.com,33,Germany,2024-03-28 11:49:09.860952
485,Customer_485,customer485@example.com,40,France,2025-01-05 11:49:09.860952
486,Customer_486,customer486@example.com,62,Canada,2025-10-12 11:49:09.860952
487,Customer_487,customer487@example.com,80,Australia,2024-09-24 11:49:09.860952
488,Customer_488,customer488@example.com,35,USA,2024-04-03 11:49:09.860952
489,Customer_489,customer489@example.com,73,Australia,2025-09-14 11:49:09.860952
490,Customer_490,customer490@example.com,76,France,2024-06-13 11:49:09.860952
491,Customer_491,customer491@example.com,71,Canada,2025-03-13 11:49:09.860952
492,Customer_492,customer492@example.com,56,Canada,2025-03-24 11:49:09.860952
493,Customer_493,customer493@example.com,58,UK,2024-02-07 11:49:09.860952
494,Customer_494,customer494@example.com,34,Australia,2023-12-29 11:49:09.860952
495,Customer_495,customer495@example.com,61,UK,2024-01-30 11:49:09.860952
496,Customer_496,customer496@example.com,24,Australia,2024-01-12 11:49:09.860952
497,Customer_497,customer497@example.com,20,Canada,2024-08-09 11:49:09.860952
498,Customer_498,customer498@example.com,20,France,2024-10-26 11:49:09.860952
499,Customer_499,customer499@example.com,64,UK,2025-08-03 11:49:09.860952
500,Customer_500,customer500@example.com,76,Canada,2024-12-04 11:49:09.860952
501,Customer_501,customer501@example.com,65,Germany,2025-05-08 11:49:09.860952
502,Customer_502,customer502@example.com,30,UK,2024-04-30 11:49:09.860952
503,Customer_503,customer503@example.com,74,Canada,2024-05-09 11:49:09.860952
504,Customer_504,customer504@example.com,50,Canada,2025-05-19 11:49:09.860952
505,Customer_505,customer505@example.com,34,Germany,2025-01-05 11:49:09.860952
506,Customer_506,customer506@example.com,65,Canada,2025-07-09 11:49:09.860952
507,Customer_507,customer507@example.com,47,USA,2025-06-12 11:49:09.860952
508,Customer_508,customer508@example.com,66,UK,2023-12-12 11:49:09.860952
509,Customer_509,customer509@example.com,64,Australia,2024-09-23 11:49:09.860952
510,Customer_510,customer510@example.com,79,France,2024-10-25 11:49:09.860952
511,Customer_511,customer511@example.com,23,Germany,2025-10-20 11:49:09.860952
512,Customer_512,customer512@example.com,34,France,2025-06-30 11:49:09.860952
513,Customer_513,customer513@example.com,47,Canada,2023-12-16 11:49:09.860952
514,Customer_514,customer514@example.com,65,Australia,2025-02-08 11:49:09.860952
515,Customer_515,customer515@example.com,55,Germany,2024-01-20 11:49:09.860952
516,Customer_516,customer516@example.com,78,Canada,2025-07-16 11:49:09.860952
517,Customer_517,customer517@example.com,61,UK,2024-07-09 11:49:09.860952
518,Customer_518,customer518@example.com,19,France,2024-04-08 11:49:09.860952
519,Customer_519,customer519@example.com,38,France,2025-03-22 11:49:09.860952
520,Customer_520,customer520@example.com,59,USA,2024-01-23 11:49:09.860952
521,Customer_521,customer521@example.com,70,Germany,2023-11-17 11:49:09.860952
522,Customer_522,customer522@example.com,37,Australia,2024-09-11 11:49:09.860952
523,Customer_523,customer523@example.com,25,UK,2025-09-18 11:49:09.860952
524,Customer_524,customer524@example.com,78,USA,2024-12-27 11:49:09.860952
525,Customer_525,customer525@example.com,49,USA,2025-07-27 11:49:09.860952
526,Customer_526,customer526@example.com,33,France,2025-06-18 11:49:09.860952
527,Customer_527,customer527@example.com,42,Germany,2024-10-20 11:49:09.860952
528,Customer_528,customer528@example.com,60,Australia,2023-11-21 11:49:09.860952
529,Customer_529,customer529@example.com,78,France,2024-08-31 11:49:09.860952
530,Customer_530,customer530@example.com,55,Australia,2025-05-29 11:49:09.860952
531,Customer_531,customer531@example.com,74,Germany,2024-01-03 11:49:09.860952
532,Customer_532,customer532@example.com,24,Germany,2024-02-12 11:49:09.860952
533,Customer_533,customer533@example.com,44,Canada,2025-10-01 11:49:09.860952
534,Customer_534,customer534@example.com,62,Canada,2025-03-26 11:49:09.860952
535,Customer_535,customer535@example.com,46,Germany,2025-03-07 11:49:09.860952
536,Customer_536,customer536@example.com,72,Canada,2025-07-25 11:49:09.860952
537,Customer_537,customer537@example.com,80,Australia,2024-10-23 11:49:09.860952
538,Customer_538,customer538@example.com,52,Australia,2024-11-01 11:49:09.860952
539,Customer_539,customer539@example.com,21,Germany,2025-01-25 11:49:09.860952
540,Customer_540,customer540@example.com,30,USA,2024-07-26 11:49:09.860952
541,Customer_541,customer541@example.com,23,Australia,2025-03-31 11:49:09.860952
542,Customer_542,customer542@example.com,59,Australia,2024-03-02 11:49:09.860952
543,Customer_543,customer543@example.com,80,USA,2025-09-13 11:49:09.860952
544,Customer_544,customer544@example.com,68,Canada,2025-02-27 11:49:09.860952
545,Customer_545,customer545@example.com,26,France,2025-04-07 11:49:09.860952
546,Customer_546,customer546@example.com,22,France,2025-04-05 11:49:09.860952
547,Customer_547,customer547@example.com,55,UK,2025-03-10 11:49:09.860952
548,Customer_548,customer548@example.com,39,UK,2024-03-03 11:49:09.860952
549,Customer_549,customer549@example.com,18,Canada,2025-06-08 11:49:09.860952
550,Customer_550,customer550@example.com,26,France,2025-02-20 11:49:09.860952
551,Customer_551,customer551@example.com,69,UK,2025-07-14 11:49:09.860952
552,Customer_552,customer552@example.com,60,USA,2025-06-22 11:49:09.860952
553,Customer_553,customer553@example.com,18,Canada,2025-03-05 11:49:09.860952
554,Customer_554,customer554@example.com,55,Canada,2025-10-18 11:49:09.860952
555,Customer_555,customer555@example.com,29,Canada,2025-09-11 11:49:09.860952
556,Customer_556,customer556@example.com,26,Australia,2024-08-29 11:49:09.860952
557,Customer_557,customer557@example.com,51,USA,2025-08-30 11:49:09.860952
558,Customer_558,customer558@example.com,48,Germany,2024-10-29 11:49:09.860952
559,Customer_559,customer559@example.com,50,France,2025-07-15 11:49:09.860952
560,Customer_560,customer560@example.com,46,France,2025-03-22 11:49:09.860952
561,Customer_561,customer561@example.com,78,France,2025-09-20 11:49:09.860952
562,Customer_562,customer562@example.com,64,Australia,2024-05-19 11:49:09.860952
563,Customer_563,customer563@example.com,37,Germany,2024-01-15 11:49:09.860952
564,Customer_564,customer564@example.com,79,USA,2025-09-02 11:49:09.860952
565,Customer_565,customer565@example.com,48,Germany,2024-08-24 11:49:09.860952
566,Customer_566,customer566@example.com,61,USA,2024-06-19 11:49:09.860952
567,Customer_567,customer567@example.com,63,Germany,2025-08-20 11:49:09.860952
568,Customer_568,customer568@example.com,75,USA,2024-12-09 11:49:09.860952
569,Customer_569,customer569@example.com,56,UK,2025-08-28 11:49:09.860952
570,Customer_570,customer570@example.com,26,Canada,2024-02-03 11:49:09.860952
571,Customer_571,customer571@example.com,58,France,2024-04-21 11:49:09.860952
572,Customer_572,customer572@example.com,63,Canada,2024-10-09 11:49:09.860952
573,Customer_573,customer573@example.com,56,France,2025-01-06 11:49:09.860952
574,Customer_574,customer574@example.com,47,France,2024-02-23 11:49:09.861952
575,Customer_575,customer575@example.com,45,USA,2023-11-16 11:49:09.861952
576,Customer_576,customer576@example.com,25,Australia,2024-01-07 11:49:09.861952
577,Customer_577,customer577@example.com,74,France,2025-03-28 11:49:09.861952
578,Customer_578,customer578@example.com,45,Germany,2025-03-15 11:49:09.861952
579,Customer_579,customer579@example.com,44,Canada,2024-07-27 11:49:09.861952
580,Customer_580,customer580@example.com,43,Germany,2025-07-29 11:49:09.861952
581,Customer_581,customer581@example.com,38,Germany,2024-12-18 11:49:09.861952
582,Customer_582,customer582@example.com,60,Canada,2024-10-16 11:49:09.861952
583,Customer_583,customer583@example.com,79,UK,2023-12-01 11:49:09.861952
584,Customer_584,customer584@example.com,77,Germany,2025-08-27 11:49:09.861952
585,Customer_585,customer585@example.com,23,USA,2025-07-31 11:49:09.861952
586,Customer_586,customer586@example.com,45,USA,2024-10-18 11:49:09.861952
587,Customer_587,customer587@example.com,69,UK,2024-04-13 11:49:09.861952
588,Customer_588,customer588@example.com,21,France,2024-04-07 11:49:09.861952
589,Customer_589,customer589@example.com,53,Canada,2023-12-18 11:49:09.861952
590,Customer_590,customer590@example.com,25,Germany,2024-11-06 11:49:09.861952
591,Customer_591,customer591@example.com,73,Australia,2024-08-27 11:49:09.861952
592,Customer_592,customer592@example.com,73,Australia,2025-09-12 11:49:09.861952
593,Customer_593,customer593@example.com,79,Canada,2024-02-28 11:49:09.861952
594,Customer_594,customer594@example.com,37,Canada,2025-07-20 11:49:09.861952
595,Customer_595,customer595@example.com,54,France,2025-03-31 11:49:09.861952
596,Customer_596,customer596@example.com,27,Australia,2024-06-28 11:49:09.861952
597,Customer_597,customer597@example.com,32,USA,2024-11-10 11:49:09.861952
598,Customer_598,customer598@example.com,72,France,2024-10-23 11:49:09.861952
599,Customer_599,customer599@example.com,25,Canada,2024-03-26 11:49:09.861952
600,Customer_600,customer600@example.com,32,Germany,2024-04-08 11:49:09.861952
601,Customer_601,customer601@example.com,80,France,2024-02-14 11:49:09.861952
602,Customer_602,customer602@example.com,61,Australia,2024-04-12 11:49:09.861952
603,Customer_603,customer603@example.com,19,France,2023-12-31 11:49:09.861952
604,Customer_604,customer604@example.com,71,Australia,2025-02-03 11:49:09.861952
605,Customer_605,customer605@example.com,19,UK,2025-01-28 11:49:09.861952
606,Customer_606,customer606@example.com,62,Canada,2024-11-21 11:49:09.861952
607,Customer_607,customer607@example.com,40,USA,2025-05-02 11:49:09.861952
608,Customer_608,customer608@example.com,73,UK,2024-04-03 11:49:09.861952
609,Customer_609,customer609@example.com,60,Germany,2025-08-24 11:49:09.861952
610,Customer_610,customer610@example.com,27,Australia,2024-01-25 11:49:09.861952
611,Customer_611,customer611@example.com,80,USA,2025-08-02 11:49:09.861952
612,Customer_612,customer612@example.com,65,France,2025-03-28 11:49:09.861952
613,Customer_613,customer613@example.com,42,Germany,2024-07-27 11:49:09.861952
614,Customer_614,customer614@example.com,39,UK,2024-10-21 11:49:09.861952
615,Customer_615,customer615@example.com,37,Australia,2024-12-06 11:49:09.861952
616,Customer_616,customer616@example.com,67,France,2024-03-03 11:49:09.861952
617,Customer_617,customer617@example.com,23,USA,2025-05-28 11:49:09.861952
618,Customer_618,customer618@example.com,28,France,2025-09-14 11:49:09.861952
619,Customer_619,customer619@example.com,61,USA,2025-01-29 11:49:09.861952
620,Customer_620,customer620@example.com,46,Australia,2024-08-26 11:49:09.861952
621,Customer_621,customer621@example.com,49,France,2024-08-08 11:49:09.861952
622,Customer_622,customer622@example.com,44,Canada,2025-03-28 11:49:09.861952
623,Customer_623,customer623@example.com,66,France,2025-07-10 11:49:09.861952
624,Customer_624,customer624@example.com,40,Germany,2025-07-13 11:49:09.861952
625,Customer_625,customer625@example.com,36,Australia,2023-12-10 11:49:09.861952
626,Customer_626,customer626@example.com,55,Germany,2024-05-13 11:49:09.861952
627,Customer_627,customer627@example.com,60,Canada,2025-09-18 11:49:09.861952
628,Customer_628,customer628@example.com,32,Germany,2024-02-29 11:49:09.861952
629,Customer_629,customer629@example.com,21,USA,2025-04-08 11:49:09.861952
630,Customer_630,customer630@example.com,37,UK,2025-06-16 11:49:09.861952
631,Customer_631,customer631@example.com,66,Canada,2025-01-11 11:49:09.861952
632,Customer_632,customer632@example.com,38,USA,2025-10-27 11:49:09.861952
633,Customer_633,customer633@example.com,49,Australia,2024-08-20 11:49:09.861952
634,Customer_634,customer634@example.com,29,UK,2024-10-10 11:49:09.861952
635,Customer_635,customer635@example.com,52,Australia,2025-03-13 11:49:09.861952
636,Customer_636,customer636@example.com,50,France,2023-12-20 11:49:09.861952
637,Customer_637,customer637@example.com,69,Canada,2025-08-22 11:49:09.861952
638,Customer_638,customer638@example.com,43,Australia,2025-09-21 11:49:09.861952
639,Customer_639,customer639@example.com,45,USA,2024-07-21 11:49:09.861952
640,Customer_640,customer640@example.com,76,USA,2024-12-18 11:49:09.861952
641,Customer_641,customer641@example.com,54,Germany,2024-03-26 11:49:09.861952
642,Customer_642,customer642@example.com,43,Australia,2024-01-18 11:49:09.861952
643,Customer_643,customer643@example.com,44,Canada,2025-07-09 11:49:09.861952
644,Customer_644,customer644@example.com,43,USA,2024-12-06 11:49:09.861952
645,Customer_645,customer645@example.com,28,France,2024-07-20 11:49:09.861952
646,Customer_646,customer646@example.com,71,Australia,2024-10-29 11:49:09.861952
647,Customer_647,customer647@example.com,23,Germany,2025-07-18 11:49:09.861952
648,Customer_648,customer648@example.com,33,Germany,2024-03-10 11:49:09.861952
649,Customer_649,customer649@example.com,43,France,2025-08-15 11:49:09.861952
650,Customer_650,customer650@example.com,43,Canada,2024-11-21 11:49:09.861952
651,Customer_651,customer651@example.com,32,Canada,2025-05-15 11:49:09.861952
652,Customer_652,customer652@example.com,22,France,2024-01-25 11:49:09.861952
653,Customer_653,customer653@example.com,25,France,2024-05-30 11:49:09.861952
654,Customer_654,customer654@example.com,30,Canada,2024-11-09 11:49:09.861952
655,Customer_655,customer655@example.com,64,Australia,2025-06-05 11:49:09.861952
656,Customer_656,customer656@example.com,33,USA,2025-06-07 11:49:09.861952
657,Customer_657,customer657@example.com,34,UK,2025-05-10 11:49:09.861952
658,Customer_658,customer658@example.com,56,UK,2024-01-02 11:49:09.861952
659,Customer_659,customer659@example.com,22,UK,2024-01-30 11:49:09.861952
660,Customer_660,customer660@example.com,49,Germany,2024-04-05 11:49:09.861952
661,Customer_661,customer661@example.com,66,France,2024-08-01 11:49:09.861952
662,Customer_662,customer662@example.com,61,France,2024-01-15 11:49:09.861952
663,Customer_663,customer663@example.com,58,France,2024-12-08 11:49:09.861952
664,Customer_664,customer664@example.com,73,Australia,2024-12-15 11:49:09.861952
665,Customer_665,customer665@example.com,27,Germany,2025-08-26 11:49:09.861952
666,Customer_666,customer666@example.com,48,Germany,2024-01-27 11:49:09.861952
667,Customer_667,customer667@example.com,37,Canada,2024-03-08 11:49:09.861952
668,Customer_668,customer668@example.com,21,Canada,2024-06-02 11:49:09.861952
669,Customer_669,customer669@example.com,22,Canada,2024-07-19 11:49:09.861952
670,Customer_670,customer670@example.com,46,USA,2025-09-06 11:49:09.861952
671,Customer_671,customer671@example.com,41,Canada,2025-08-17 11:49:09.861952
672,Customer_672,customer672@example.com,59,USA,2024-02-13 11:49:09.861952
673,Customer_673,customer673@example.com,56,France,2024-10-06 11:49:09.861952
674,Customer_674,customer674@example.com,47,France,2024-04-15 11:49:09.861952
675,Customer_675,customer675@example.com,79,Australia,2025-09-22 11:49:09.861952
676,Customer_676,customer676@example.com,46,France,2024-01-06 11:49:09.861952
677,Customer_677,customer677@example.com,30,Canada,2024-02-23 11:49:09.861952
678,Customer_678,customer678@example.com,48,France,2025-06-02 11:49:09.861952
679,Customer_679,customer679@example.com,79,USA,2024-07-30 11:49:09.861952
680,Customer_680,customer680@example.com,24,Canada,2025-08-09 11:49:09.861952
681,Customer_681,customer681@example.com,50,Australia,2025-05-11 11:49:09.861952
682,Customer_682,customer682@example.com,20,UK,2023-11-10 11:49:09.861952
683,Customer_683,customer683@example.com,46,Germany,2024-05-16 11:49:09.861952
684,Customer_684,customer684@example.com,51,France,2025-05-25 11:49:09.861952
685,Customer_685,customer685@example.com,41,Canada,2025-01-18 11:49:09.861952
686,Customer_686,customer686@example.com,42,Germany,2024-11-22 11:49:09.861952
687,Customer_687,customer687@example.com,61,France,2025-09-11 11:49:09.861952
688,Customer_688,customer688@example.com,68,Australia,2024-01-11 11:49:09.861952
689,Customer_689,customer689@example.com,39,USA,2024-12-01 11:49:09.861952
690,Customer_690,customer690@example.com,24,France,2023-12-10 11:49:09.861952
691,Customer_691,customer691@example.com,42,Canada,2025-02-18 11:49:09.861952
692,Customer_692,customer692@example.com,64,Australia,2024-02-25 11:49:09.861952
693,Customer_693,customer693@example.com,73,UK,2024-11-27 11:49:09.861952
694,Customer_694,customer694@example.com,23,France,2023-12-25 11:49:09.861952
695,Customer_695,customer695@example.com,27,Canada,2024-12-21 11:49:09.861952
696,Customer_696,customer696@example.com,79,Australia,2023-11-19 11:49:09.861952
697,Customer_697,customer697@example.com,60,Germany,2025-06-24 11:49:09.861952
698,Customer_698,customer698@example.com,56,Australia,2025-08-09 11:49:09.861952
699,Customer_699,customer699@example.com,37,France,2024-10-14 11:49:09.861952
700,Customer_700,customer700@example.com,59,Canada,2025-06-26 11:49:09.861952
701,Customer_701,customer701@example.com,60,Australia,2023-12-03 11:49:09.861952
702,Customer_702,customer702@example.com,76,France,2025-07-31 11:49:09.861952
703,Customer_703,customer703@example.com,59,Australia,2024-08-27 11:49:09.861952
704,Customer_704,customer704@example.com,50,Canada,2025-10-16 11:49:09.861952
705,Customer_705,customer705@example.com,41,Canada,2025-05-03 11:49:09.861952
706,Customer_706,customer706@example.com,78,UK,2024-11-19 11:49:09.861952
707,Customer_707,customer707@example.com,78,Germany,2025-04-21 11:49:09.861952
708,Customer_708,customer708@example.com,32,UK,2025-05-29 11:49:09.861952
709,Customer_709,customer709@example.com,22,Canada,2025-07-23 11:49:09.861952
710,Customer_710,customer710@example.com,50,France,2024-05-13 11:49:09.861952
711,Customer_711,customer711@example.com,20,Australia,2024-11-24 11:49:09.861952
712,Customer_712,customer712@example.com,74,France,2025-06-22 11:49:09.861952
713,Customer_713,customer713@example.com,56,Germany,2025-05-30 11:49:09.861952
714,Customer_714,customer714@example.com,28,UK,2023-11-25 11:49:09.861952
715,Customer_715,customer715@example.com,67,France,2025-05-18 11:49:09.861952
716,Customer_716,customer716@example.com,64,Germany,2025-09-20 11:49:09.861952
717,Customer_717,customer717@example.com,44,Canada,2023-12-12 11:49:09.861952
718,Customer_718,customer718@example.com,64,UK,2024-08-06 11:49:09.861952
719,Customer_719,customer719@example.com,57,Canada,2024-08-01 11:49:09.861952
720,Customer_720,customer720@example.com,32,France,2025-03-04 11:49:09.861952
721,Customer_721,customer721@example.com,37,Germany,2025-04-19 11:49:09.862953
722,Customer_722,customer722@example.com,41,Australia,2024-03-29 11:49:09.862953
723,Customer_723,customer723@example.com,46,Germany,2025-01-19 11:49:09.862953
724,Customer_724,customer724@example.com,67,Germany,2024-06-07 11:49:09.862953
725,Customer_725,customer725@example.com,51,Germany,2025-05-22 11:49:09.862953
726,Customer_726,customer726@example.com,70,UK,2024-02-23 11:49:09.862953
727,Customer_727,customer727@example.com,26,Canada,2025-09-11 11:49:09.862953
728,Customer_728,customer728@example.com,59,Germany,2024-10-19 11:49:09.862953
729,Customer_729,customer729@example.com,53,USA,2023-11-06 11:49:09.862953
730,Customer_730,customer730@example.com,72,France,2025-06-29 11:49:09.862953
731,Customer_731,customer731@example.com,36,USA,2025-05-23 11:49:09.862953
732,Customer_732,customer732@example.com,35,Germany,2024-05-27 11:49:09.862953
733,Customer_733,customer733@example.com,27,Germany,2025-08-02 11:49:09.862953
734,Customer_734,customer734@example.com,78,UK,2024-07-30 11:49:09.862953
735,Customer_735,customer735@example.com,74,Canada,2025-10-07 11:49:09.862953
736,Customer_736,customer736@example.com,44,USA,2024-09-24 11:49:09.862953
737,Customer_737,customer737@example.com,50,Canada,2025-03-07 11:49:09.862953
738,Customer_738,customer738@example.com,42,USA,2024-10-16 11:49:09.862953
739,Customer_739,customer739@example.com,32,USA,2024-12-12 11:49:09.862953
740,Customer_740,customer740@example.com,77,USA,2024-01-08 11:49:09.862953
741,Customer_741,customer741@example.com,39,UK,2025-06-16 11:49:09.862953
742,Customer_742,customer742@example.com,20,Canada,2024-07-08 11:49:09.862953
743,Customer_743,customer743@example.com,62,UK,2023-11-12 11:49:09.862953
744,Customer_744,customer744@example.com,48,Germany,2024-02-12 11:49:09.862953
745,Customer_745,customer745@example.com,18,USA,2025-10-15 11:49:09.862953
746,Customer_746,customer746@example.com,34,UK,2025-06-03 11:49:09.862953
747,Customer_747,customer747@example.com,53,Australia,2024-02-19 11:49:09.862953
748,Customer_748,customer748@example.com,51,Germany,2025-07-13 11:49:09.862953
749,Customer_749,customer749@example.com,67,Canada,2025-03-05 11:49:09.862953
750,Customer_750,customer750@example.com,37,USA,2025-09-16 11:49:09.862953
751,Customer_751,customer751@example.com,33,Germany,2024-01-19 11:49:09.862953
752,Customer_752,customer752@example.com,68,France,2024-07-23 11:49:09.862953
753,Customer_753,customer753@example.com,22,USA,2024-06-10 11:49:09.862953
754,Customer_754,customer754@example.com,56,France,2025-10-18 11:49:09.862953
755,Customer_755,customer755@example.com,58,France,2024-03-25 11:49:09.862953
756,Customer_756,customer756@example.com,33,Australia,2025-06-09 11:49:09.862953
757,Customer_757,customer757@example.com,36,Germany,2025-11-02 11:49:09.862953
758,Customer_758,customer758@example.com,57,Canada,2025-03-02 11:49:09.862953
759,Customer_759,customer759@example.com,54,Germany,2025-04-26 11:49:09.862953
760,Customer_760,customer760@example.com,60,Australia,2025-08-08 11:49:09.862953
761,Customer_761,customer761@example.com,51,Canada,2025-08-26 11:49:09.862953
762,Customer_762,customer762@example.com,79,France,2024-04-25 11:49:09.862953
763,Customer_763,customer763@example.com,50,France,2024-04-15 11:49:09.862953
764,Customer_764,customer764@example.com,19,Germany,2024-07-10 11:49:09.862953
765,Customer_765,customer765@example.com,20,Australia,2024-10-03 11:49:09.862953
766,Customer_766,customer766@example.com,80,Canada,2025-02-17 11:49:09.862953
767,Customer_767,customer767@example.com,65,USA,2024-11-03 11:49:09.862953
768,Customer_768,customer768@example.com,68,USA,2024-11-15 11:49:09.862953
769,Customer_769,customer769@example.com,33,Australia,2024-01-01 11:49:09.862953
770,Customer_770,customer770@example.com,58,USA,2024-03-18 11:49:09.862953
771,Customer_771,customer771@example.com,65,Canada,2025-06-20 11:49:09.862953
772,Customer_772,customer772@example.com,20,Canada,2024-04-23 11:49:09.862953
773,Customer_773,customer773@example.com,39,Australia,2025-05-08 11:49:09.862953
774,Customer_774,customer774@example.com,71,Australia,2024-07-16 11:49:09.862953
775,Customer_775,customer775@example.com,80,Australia,2024-07-01 11:49:09.862953
776,Customer_776,customer776@example.com,58,UK,2025-06-18 11:49:09.862953
777,Customer_777,customer777@example.com,22,Australia,2024-07-23 11:49:09.862953
778,Customer_778,customer778@example.com,20,Canada,2025-04-11 11:49:09.862953
779,Customer_779,customer779@example.com,20,UK,2025-09-22 11:49:09.862953
780,Customer_780,customer780@example.com,38,Canada,2024-05-25 11:49:09.862953
781,Customer_781,customer781@example.com,43,France,2024-07-07 11:49:09.862953
782,Customer_782,customer782@example.com,34,USA,2024-01-11 11:49:09.862953
783,Customer_783,customer783@example.com,30,Canada,2024-11-03 11:49:09.862953
784,Customer_784,customer784@example.com,73,USA,2024-01-02 11:49:09.862953
785,Customer_785,customer785@example.com,39,Canada,2025-06-29 11:49:09.862953
786,Customer_786,customer786@example.com,69,Canada,2024-08-13 11:49:09.862953
787,Customer_787,customer787@example.com,74,Germany,2024-08-10 11:49:09.862953
788,Customer_788,customer788@example.com,75,Germany,2024-11-21 11:49:09.862953
789,Customer_789,customer789@example.com,80,UK,2024-06-13 11:49:09.862953
790,Customer_790,customer790@example.com,62,Germany,2024-10-23 11:49:09.862953
791,Customer_791,customer791@example.com,77,France,2025-02-03 11:49:09.862953
792,Customer_792,customer792@example.com,69,USA,2024-08-26 11:49:09.862953
793,Customer_793,customer793@example.com,23,Germany,2024-02-26 11:49:09.862953
794,Customer_794,customer794@example.com,70,UK,2024-04-24 11:49:09.862953
795,Customer_795,customer795@example.com,36,Canada,2025-07-21 11:49:09.862953
796,Customer_796,customer796@example.com,23,Canada,2023-12-28 11:49:09.862953
797,Customer_797,customer797@example.com,36,Canada,2024-08-04 11:49:09.862953
798,Customer_798,customer798@example.com,56,Australia,2024-08-24 11:49:09.862953
799,Customer_799,customer799@example.com,28,Australia,2024-08-06 11:49:09.862953
800,Customer_800,customer800@example.com,40,Germany,2025-09-21 11:49:09.862953
801,Customer_801,customer801@example.com,64,Canada,2024-02-13 11:49:09.862953
802,Customer_802,customer802@example.com,45,Canada,2024-01-19 11:49:09.862953
803,Customer_803,customer803@example.com,80,USA,2025-08-19 11:49:09.862953
804,Customer_804,customer804@example.com,60,Australia,2024-09-14 11:49:09.862953
805,Customer_805,customer805@example.com,41,France,2023-12-09 11:49:09.862953
806,Customer_806,customer806@example.com,28,USA,2025-06-10 11:49:09.862953
807,Customer_807,customer807@example.com,72,France,2023-12-10 11:49:09.862953
808,Customer_808,customer808@example.com,68,Germany,2025-09-29 11:49:09.862953
809,Customer_809,customer809@example.com,26,USA,2025-03-07 11:49:09.862953
810,Customer_810,customer810@example.com,67,Australia,2024-10-24 11:49:09.862953
811,Customer_811,customer811@example.com,41,Germany,2024-04-02 11:49:09.862953
812,Customer_812,customer812@example.com,20,France,2025-05-30 11:49:09.862953
813,Customer_813,customer813@example.com,61,Germany,2024-10-20 11:49:09.862953
814,Customer_814,customer814@example.com,41,Germany,2025-08-17 11:49:09.862953
815,Customer_815,customer815@example.com,54,UK,2024-05-10 11:49:09.862953
816,Customer_816,customer816@example.com,41,Germany,2024-12-17 11:49:09.862953
817,Customer_817,customer817@example.com,59,Canada,2025-02-21 11:49:09.862953
818,Customer_818,customer818@example.com,79,USA,2025-10-08 11:49:09.862953
819,Customer_819,customer819@example.com,65,UK,2024-06-10 11:49:09.862953
820,Customer_820,customer820@example.com,51,Germany,2024-04-07 11:49:09.862953
821,Customer_821,customer821@example.com,25,Canada,2025-02-10 11:49:09.862953
822,Customer_822,customer822@example.com,63,Germany,2025-03-29 11:49:09.862953
823,Customer_823,customer823@example.com,57,Canada,2023-11-24 11:49:09.862953
824,Customer_824,customer824@example.com,76,Germany,2025-04-13 11:49:09.862953
825,Customer_825,customer825@example.com,25,UK,2025-08-20 11:49:09.862953
826,Customer_826,customer826@example.com,46,UK,2024-08-05 11:49:09.862953
827,Customer_827,customer827@example.com,23,Australia,2024-12-11 11:49:09.862953
828,Customer_828,customer828@example.com,60,Canada,2023-11-08 11:49:09.862953
829,Customer_829,customer829@example.com,22,France,2024-04-27 11:49:09.862953
830,Customer_830,customer830@example.com,36,Canada,2025-05-26 11:49:09.862953
831,Customer_831,customer831@example.com,63,Australia,2023-11-17 11:49:09.862953
832,Customer_832,customer832@example.com,58,UK,2024-10-29 11:49:09.862953
833,Customer_833,customer833@example.com,50,UK,2025-07-02 11:49:09.862953
834,Customer_834,customer834@example.com,30,UK,2025-03-06 11:49:09.862953
835,Customer_835,customer835@example.com,68,Germany,2025-10-08 11:49:09.862953
836,Customer_836,customer836@example.com,41,France,2024-03-27 11:49:09.862953
837,Customer_837,customer837@example.com,41,Germany,2024-04-18 11:49:09.862953
838,Customer_838,customer838@example.com,26,France,2025-08-07 11:49:09.862953
839,Customer_839,customer839@example.com,22,Canada,2024-09-22 11:49:09.862953
840,Customer_840,customer840@example.com,63,Australia,2024-07-01 11:49:09.862953
841,Customer_841,customer841@example.com,51,Germany,2024-09-10 11:49:09.862953
842,Customer_842,customer842@example.com,70,France,2025-08-20 11:49:09.862953
843,Customer_843,customer843@example.com,26,Canada,2024-01-16 11:49:09.862953
844,Customer_844,customer844@example.com,22,Germany,2024-07-14 11:49:09.862953
845,Customer_845,customer845@example.com,61,France,2024-11-16 11:49:09.862953
846,Customer_846,customer846@example.com,26,France,2024-01-18 11:49:09.862953
847,Customer_847,customer847@example.com,55,UK,2025-06-24 11:49:09.862953
848,Customer_848,customer848@example.com,45,France,2025-09-08 11:49:09.862953
849,Customer_849,customer849@example.com,71,USA,2024-05-22 11:49:09.862953
850,Customer_850,customer850@example.com,27,Canada,2025-05-19 11:49:09.862953
851,Customer_851,customer851@example.com,28,Canada,2023-11-08 11:49:09.862953
852,Customer_852,customer852@example.com,32,Canada,2024-05-21 11:49:09.862953
853,Customer_853,customer853@example.com,75,Canada,2025-08-15 11:49:09.862953
854,Customer_854,customer854@example.com,34,UK,2024-01-23 11:49:09.862953
855,Customer_855,customer855@example.com,79,France,2025-01-26 11:49:09.862953
856,Customer_856,customer856@example.com,26,Australia,2024-12-28 11:49:09.862953
857,Customer_857,customer857@example.com,57,France,2025-07-31 11:49:09.862953
858,Customer_858,customer858@example.com,50,Australia,2025-05-15 11:49:09.863952
859,Customer_859,customer859@example.com,55,France,2025-05-30 11:49:09.863952
860,Customer_860,customer860@example.com,28,Australia,2024-02-03 11:49:09.863952
861,Customer_861,customer861@example.com,64,France,2024-11-23 11:49:09.863952
862,Customer_862,customer862@example.com,71,France,2025-09-22 11:49:09.863952
863,Customer_863,customer863@example.com,70,USA,2025-08-12 11:49:09.863952
864,Customer_864,customer864@example.com,20,Australia,2024-03-23 11:49:09.863952
865,Customer_865,customer865@example.com,34,Australia,2025-04-02 11:49:09.863952
866,Customer_866,customer866@example.com,67,France,2024-09-03 11:49:09.863952
867,Customer_867,customer867@example.com,57,Australia,2025-10-03 11:49:09.863952
868,Customer_868,customer868@example.com,49,Australia,2024-04-24 11:49:09.863952
869,Customer_869,customer869@example.com,36,Australia,2024-12-29 11:49:09.863952
870,Customer_870,customer870@example.com,48,UK,2023-12-03 11:49:09.863952
871,Customer_871,customer871@example.com,43,Canada,2024-07-27 11:49:09.863952
872,Customer_872,customer872@example.com,22,Australia,2025-09-03 11:49:09.863952
873,Customer_873,customer873@example.com,28,Germany,2024-09-04 11:49:09.863952
874,Customer_874,customer874@example.com,48,Germany,2025-04-09 11:49:09.863952
875,Customer_875,customer875@example.com,39,France,2025-06-09 11:49:09.863952
876,Customer_876,customer876@example.com,38,Australia,2024-12-12 11:49:09.863952
877,Customer_877,customer877@example.com,64,Canada,2024-09-21 11:49:09.863952
878,Customer_878,customer878@example.com,26,Canada,2024-05-25 11:49:09.863952
879,Customer_879,customer879@example.com,53,USA,2024-12-12 11:49:09.863952
880,Customer_880,customer880@example.com,33,Germany,2025-07-01 11:49:09.863952
881,Customer_881,customer881@example.com,35,Germany,2025-02-23 11:49:09.863952
882,Customer_882,customer882@example.com,27,USA,2025-09-13 11:49:09.863952
883,Customer_883,customer883@example.com,36,Germany,2024-02-12 11:49:09.863952
884,Customer_884,customer884@example.com,44,UK,2025-05-24 11:49:09.863952
885,Customer_885,customer885@example.com,70,Canada,2024-03-22 11:49:09.863952
886,Customer_886,customer886@example.com,64,Canada,2025-04-23 11:49:09.863952
887,Customer_887,customer887@example.com,66,UK,2024-06-11 11:49:09.863952
888,Customer_888,customer888@example.com,50,Germany,2024-06-11 11:49:09.863952
889,Customer_889,customer889@example.com,74,Canada,2024-06-12 11:49:09.863952
890,Customer_890,customer890@example.com,19,USA,2024-09-27 11:49:09.863952
891,Customer_891,customer891@example.com,50,Germany,2025-03-02 11:49:09.863952
892,Customer_892,customer892@example.com,31,France,2024-11-07 11:49:09.863952
893,Customer_893,customer893@example.com,21,USA,2025-01-19 11:49:09.863952
894,Customer_894,customer894@example.com,49,France,2024-01-04 11:49:09.863952
895,Customer_895,customer895@example.com,61,Germany,2025-01-15 11:49:09.863952
896,Customer_896,customer896@example.com,52,USA,2025-07-16 11:49:09.863952
897,Customer_897,customer897@example.com,45,UK,2025-02-06 11:49:09.863952
898,Customer_898,customer898@example.com,64,Canada,2024-09-17 11:49:09.863952
899,Customer_899,customer899@example.com,41,USA,2024-09-19 11:49:09.863952
900,Customer_900,customer900@example.com,21,France,2024-04-07 11:49:09.863952
901,Customer_901,customer901@example.com,30,Canada,2024-04-16 11:49:09.863952
902,Customer_902,customer902@example.com,36,USA,2024-10-04 11:49:09.863952
903,Customer_903,customer903@example.com,50,Germany,2024-04-19 11:49:09.863952
904,Customer_904,customer904@example.com,35,France,2023-12-08 11:49:09.863952
905,Customer_905,customer905@example.com,57,USA,2025-06-25 11:49:09.863952
906,Customer_906,customer906@example.com,80,USA,2024-09-26 11:49:09.863952
907,Customer_907,customer907@example.com,41,Canada,2024-04-11 11:49:09.863952
908,Customer_908,customer908@example.com,78,Canada,2025-06-09 11:49:09.863952
909,Customer_909,customer909@example.com,30,France,2024-05-31 11:49:09.863952
910,Customer_910,customer910@example.com,43,France,2025-09-23 11:49:09.863952
911,Customer_911,customer911@example.com,20,USA,2025-06-16 11:49:09.863952
912,Customer_912,customer912@example.com,63,Canada,2024-07-06 11:49:09.863952
913,Customer_913,customer913@example.com,51,Germany,2025-06-04 11:49:09.863952
914,Customer_914,customer914@example.com,56,France,2025-06-13 11:49:09.863952
915,Customer_915,customer915@example.com,38,France,2024-12-12 11:49:09.863952
916,Customer_916,customer916@example.com,28,Germany,2024-02-11 11:49:09.863952
917,Customer_917,customer917@example.com,65,Canada,2024-03-06 11:49:09.863952
918,Customer_918,customer918@example.com,39,France,2024-05-31 11:49:09.863952
919,Customer_919,customer919@example.com,52,Germany,2023-11-09 11:49:09.863952
920,Customer_920,customer920@example.com,54,Canada,2024-07-05 11:49:09.863952
921,Customer_921,customer921@example.com,70,USA,2024-10-22 11:49:09.863952
922,Customer_922,customer922@example.com,39,Australia,2025-07-14 11:49:09.863952
923,Customer_923,customer923@example.com,80,Germany,2024-03-16 11:49:09.863952
924,Customer_924,customer924@example.com,37,Australia,2023-11-30 11:49:09.863952
925,Customer_925,customer925@example.com,58,USA,2024-03-02 11:49:09.863952
926,Customer_926,customer926@example.com,48,Canada,2024-01-02 11:49:09.863952
927,Customer_927,customer927@example.com,68,France,2024-03-22 11:49:09.863952
928,Customer_928,customer928@example.com,32,Australia,2025-09-12 11:49:09.863952
929,Customer_929,customer929@example.com,55,Germany,2025-05-13 11:49:09.863952
930,Customer_930,customer930@example.com,51,Australia,2024-02-08 11:49:09.863952
931,Customer_931,customer931@example.com,67,Germany,2025-06-05 11:49:09.863952
932,Customer_932,customer932@example.com,70,Australia,2025-02-28 11:49:09.863952
933,Customer_933,customer933@example.com,20,France,2023-11-17 11:49:09.863952
934,Customer_934,customer934@example.com,25,UK,2025-10-15 11:49:09.863952
935,Customer_935,customer935@example.com,46,Canada,2024-09-01 11:49:09.863952
936,Customer_936,customer936@example.com,27,Germany,2023-11-27 11:49:09.863952
937,Customer_937,customer937@example.com,31,Germany,2024-06-08 11:49:09.863952
938,Customer_938,customer938@example.com,67,France,2024-07-09 11:49:09.863952
939,Customer_939,customer939@example.com,73,Australia,2025-09-01 11:49:09.863952
940,Customer_940,customer940@example.com,63,UK,2024-05-21 11:49:09.863952
941,Customer_941,customer941@example.com,31,France,2024-12-06 11:49:09.863952
942,Customer_942,customer942@example.com,60,Germany,2024-05-14 11:49:09.863952
943,Customer_943,customer943@example.com,42,Canada,2025-05-10 11:49:09.863952
944,Customer_944,customer944@example.com,47,France,2024-11-18 11:49:09.863952
945,Customer_945,customer945@example.com,52,Canada,2023-12-12 11:49:09.863952
946,Customer_946,customer946@example.com,67,Australia,2023-12-07 11:49:09.863952
947,Customer_947,customer947@example.com,59,Australia,2025-02-06 11:49:09.863952
948,Customer_948,customer948@example.com,57,Germany,2025-04-21 11:49:09.863952
949,Customer_949,customer949@example.com,79,UK,2025-01-22 11:49:09.863952
950,Customer_950,customer950@example.com,53,Canada,2025-03-18 11:49:09.863952
951,Customer_951,customer951@example.com,78,Canada,2025-01-12 11:49:09.863952
952,Customer_952,customer952@example.com,63,UK,2023-11-28 11:49:09.863952
953,Customer_953,customer953@example.com,63,Germany,2024-12-14 11:49:09.863952
954,Customer_954,customer954@example.com,48,Canada,2024-04-09 11:49:09.863952
955,Customer_955,customer955@example.com,77,Australia,2025-01-27 11:49:09.863952
956,Customer_956,customer956@example.com,36,USA,2024-03-26 11:49:09.863952
957,Customer_957,customer957@example.com,61,France,2024-10-11 11:49:09.863952
958,Customer_958,customer958@example.com,75,Germany,2024-11-15 11:49:09.863952
959,Customer_959,customer959@example.com,79,UK,2025-01-10 11:49:09.863952
960,Customer_960,customer960@example.com,20,Canada,2025-08-15 11:49:09.863952
961,Customer_961,customer961@example.com,40,Germany,2024-01-02 11:49:09.863952
962,Customer_962,customer962@example.com,34,Australia,2024-07-01 11:49:09.863952
963,Customer_963,customer963@example.com,31,UK,2024-05-01 11:49:09.863952
964,Customer_964,customer964@example.com,35,France,2023-11-22 11:49:09.863952
965,Customer_965,customer965@example.com,35,UK,2025-07-15 11:49:09.863952
966,Customer_966,customer966@example.com,57,Australia,2024-03-13 11:49:09.863952
967,Customer_967,customer967@example.com,33,UK,2025-09-13 11:49:09.863952
968,Customer_968,customer968@example.com,60,France,2025-03-17 11:49:09.863952
969,Customer_969,customer969@example.com,58,UK,2025-09-11 11:49:09.863952
970,Customer_970,customer970@example.com,24,Germany,2024-11-30 11:49:09.863952
971,Customer_971,customer971@example.com,63,Germany,2025-07-24 11:49:09.863952
972,Customer_972,customer972@example.com,61,UK,2025-10-29 11:49:09.863952
973,Customer_973,customer973@example.com,79,France,2025-05-26 11:49:09.863952
974,Customer_974,customer974@example.com,44,Australia,2024-07-04 11:49:09.863952
975,Customer_975,customer975@example.com,48,Australia,2025-04-13 11:49:09.863952
976,Customer_976,customer976@example.com,66,Canada,2024-12-10 11:49:09.863952
977,Customer_977,customer977@example.com,36,Australia,2025-09-04 11:49:09.863952
978,Customer_978,customer978@example.com,76,USA,2024-01-06 11:49:09.863952
979,Customer_979,customer979@example.com,54,UK,2024-05-05 11:49:09.863952
980,Customer_980,customer980@example.com,65,Australia,2025-09-26 11:49:09.863952
981,Customer_981,customer981@example.com,76,UK,2024-09-02 11:49:09.863952
982,Customer_982,customer982@example.com,74,UK,2025-09-27 11:49:09.863952
983,Customer_983,customer983@example.com,71,Germany,2024-06-14 11:49:09.863952
984,Customer_984,customer984@example.com,29,Australia,2025-01-11 11:49:09.863952
985,Customer_985,customer985@example.com,74,USA,2025-10-25 11:49:09.863952
986,Customer_986,customer986@example.com,37,France,2024-02-25 11:49:09.863952
987,Customer_987,customer987@example.com,24,Canada,2025-01-16 11:49:09.863952
988,Customer_988,customer988@example.com,47,Australia,2024-04-26 11:49:09.863952
989,Customer_989,customer989@example.com,51,Germany,2025-06-19 11:49:09.863952
990,Customer_990,customer990@example.com,72,France,2024-07-12 11:49:09.863952
991,Customer_991,customer991@example.com,35,UK,2025-07-11 11:49:09.863952
992,Customer_992,customer992@example.com,39,UK,2024-07-22 11:49:09.863952
993,Customer_993,customer993@example.com,59,Canada,2025-04-27 11:49:09.863952
994,Customer_994,customer994@example.com,18,Australia,2024-11-23 11:49:09.863952
995,Customer_995,customer995@example.com,68,Canada,2024-04-01 11:49:09.863952
996,Customer_996,customer996@example.com,61,UK,2025-05-08 11:49:09.863952
997,Customer_997,customer997@example.com,57,Australia,2024-09-14 11:49:09.863952
998,Customer_998,customer998@example.com,70,Germany,2024-05-25 11:49:09.863952
999,Customer_999,customer999@example.com,38,USA,2024-09-19 11:49:09.864961
1000,Customer_1000,customer1000@example.com,60,USA,2025-04-28 11:49:09.864961
